ID1,ID2,RecSes1,RecSes2,MatchProb,refPopCorr,refPopRank,refPopSig
0,71,1,2,2.2649910406038e-14,0.893680971489499,1,0
2,1,1,2,0.99375515680045,0.921393181723217,1,0
5,4,1,2,0.633176827325881,0.95323999187994,1,1
6,1,1,2,1.07007655744563e-06,0.913540521205459,1,0
7,5,1,2,0.999998822188472,0.918336972460498,1,1
8,401,1,2,0.997788498738659,0.924676600905833,1,1
9,402,1,2,0.999466022134282,0.857352711288584,1,1
11,11,1,2,0.999997412286041,0.914668440398403,1,0
12,15,1,2,0.998860714867791,0.933253331898131,1,1
15,407,1,2,0.997795891888604,0.931093596660955,1,0
18,405,1,2,0.999995298380746,0.925877268663537,1,1
20,22,1,2,0.998801186944032,0.853020008034359,1,1
21,106,1,2,3.81508590264647e-09,0.793823053308262,1,0
28,33,1,2,0.10553651157491,0.927122653304436,1,1
29,32,1,2,0.999490110181173,0.943363475388189,1,0
30,80,1,2,3.1733148018972903e-10,0.895596192863645,1,0
32,35,1,2,5.38549278811213e-10,0.812960618469409,1,0
33,71,1,2,1.41360952872406e-12,0.894538181022344,1,0
34,35,1,2,0.52537480061255,0.9044098459149,1,1
35,410,1,2,0.0602134570593331,0.811669932931456,1,0
37,407,1,2,8.35080057400432e-10,0.848819627148752,1,0
38,37,1,2,0.99988513385784,0.795874552435612,1,1
40,413,1,2,1.72335150128927e-06,0.795596467678305,1,0
45,43,1,2,0.998324381485446,0.867274047795939,1,1
47,46,1,2,0.771126232735624,0.880700393201638,1,1
48,47,1,2,0.997422358463109,0.796219690954068,1,1
49,417,1,2,0.991414828630287,0.893403474791399,1,1
54,91,1,2,0.995607329189048,0.841041787505319,1,0
58,419,1,2,0.999964230450658,0.860345200884603,1,1
59,56,1,2,0.996137285069249,0.936338775646697,1,1
60,54,1,2,0.971067468407481,0.939173728625884,1,0
66,59,1,2,0.999998956066651,0.945782083871177,1,0
71,65,1,2,0.999998220272982,0.948713751717627,1,0
74,424,1,2,0.999998631646325,0.931776800394225,1,0
75,71,1,2,0.000544552115237,0.933180352460575,1,0
76,70,1,2,0.999993331965998,0.939882048226745,1,0
77,68,1,2,0.999836542850151,0.927328713011243,1,1
80,74,1,2,0.999991309036384,0.946387193185466,1,0
81,74,1,2,0.0009397976768776,0.868255642048052,1,0
85,80,1,2,0.0618704302128858,0.952973329124382,1,0
87,83,1,2,0.999130531285237,0.912875308779516,1,1
91,430,1,2,0.211687665556779,0.891911871515544,1,0
97,437,1,2,0.940990456124073,0.872114785524801,1,1
98,99,1,2,0.96576762623076,0.922117486726253,1,0
101,97,1,2,0.976332134527681,0.948863607895267,1,1
106,106,1,2,0.0091382194266282,0.934104392214626,1,1
107,109,1,2,0.740087055836196,0.882816561941917,1,0
109,107,1,2,0.0001128742305137,0.828848194641782,1,0
110,442,1,2,0.901814780246674,0.87216754000203,1,0
112,175,1,2,2.0264807655435298e-11,0.826569956257459,1,0
115,473,1,2,2.09856101231003e-14,0.764998880025711,1,0
116,114,1,2,0.991130051139334,0.86108589364633,1,1
117,447,1,2,0.201261243976573,0.864850927255976,1,0
118,448,1,2,0.408957629833497,0.856813753290882,1,0
120,404,1,2,4.35415763260143e-13,0.793408335061729,1,0
121,41,1,2,3.111094516999e-11,0.781783308678438,1,0
122,71,1,2,4.23739515907148e-11,0.867850115905445,1,0
128,118,1,2,8.21527902516223e-07,0.483740724308858,1,0
129,445,1,2,1.10888017329071e-05,0.704412156030329,1,0
131,130,1,2,0.998640999387781,0.944880667845389,1,0
134,454,1,2,7.39533818289449e-08,0.424689355393985,1,0
137,456,1,2,0.642964778911384,0.896831324135632,1,0
141,488,1,2,1.56427774672474e-14,0.746222014492363,1,0
145,468,1,2,6.95124637850845e-10,0.822639056920994,1,0
147,143,1,2,0.992177994594678,0.865821830457683,1,1
150,150,1,2,0.999801591235284,0.906843898771788,1,0
154,71,1,2,9.71381190428607e-12,0.926090055798558,1,0
158,458,1,2,0.24511801901609,0.937068505537186,1,0
162,157,1,2,0.999876377949442,0.887215602768032,1,0
163,464,1,2,3.97539154840266e-05,0.896914308905109,1,1
167,71,1,2,7.677148792414479e-11,0.848621815336952,1,0
170,165,1,2,0.0077552147849865,0.887318117586739,1,0
172,462,1,2,1.2356646661241399e-11,0.839445867290795,1,0
174,175,1,2,0.999987947385145,0.961695060964746,1,0
175,170,1,2,0.995340436266898,0.76535735710719,1,1
177,175,1,2,5.18330582900554e-06,0.822988050894459,1,0
178,179,1,2,0.99796178397901,0.889705151328914,1,1
184,187,1,2,0.0005993006589973,0.939142945155086,1,0
188,192,1,2,0.999890694396177,0.962179368425772,1,0
191,199,1,2,0.0686760414293084,0.958555927693976,1,0
194,215,1,2,2.6332784120030598e-11,0.936772594098369,1,0
196,204,1,2,0.999941197816378,0.956736636170536,1,0
197,80,1,2,8.198917421630209e-11,0.863449700547084,1,0
198,206,1,2,0.99999682169873,0.900006287130741,1,1
199,482,1,2,0.0003789846229181,0.826418963180496,1,1
200,208,1,2,0.190925089305722,0.958823711167709,1,0
201,209,1,2,0.999993147607053,0.910325570056194,1,1
203,211,1,2,0.99962141085199,0.957433239282848,1,0
204,213,1,2,0.0814802714090413,0.811002790623965,1,1
206,484,1,2,0.853488553982603,0.867370766226131,1,0
207,486,1,2,0.999858200494861,0.765575647340728,1,1
209,215,1,2,0.0070957253637165,0.968237346904839,1,0
211,488,1,2,0.002645596179409,0.92643551243914,1,0
223,232,1,2,0.999663651921379,0.830421680098693,1,0
226,237,1,2,0.715774782193141,0.954217930267551,1,0
228,496,1,2,0.401557165698233,0.879735326359947,1,0
229,238,1,2,0.999783728835814,0.938126239542443,1,0
230,240,1,2,0.475180513996873,0.957441724839816,1,1
232,244,1,2,0.0001798645227387,0.915936282369832,1,1
233,243,1,2,0.0155971324042965,0.826898160979637,1,0
234,308,1,2,5.65217330603755e-14,0.827177569610736,1,0
235,246,1,2,0.353324893475812,0.96691096213979,1,1
237,247,1,2,0.999999861591585,0.914711950090172,1,0
238,253,1,2,2.00279299837828e-08,0.791270521050514,1,0
241,250,1,2,0.999999397293424,0.967116623442008,1,0
244,253,1,2,0.99999985412377,0.939477306486036,1,1
246,254,1,2,0.99571284619327,0.92971129312827,1,0
247,255,1,2,0.0030742399036381,0.965984518287254,1,0
248,256,1,2,0.999999994728238,0.96437986730622,1,0
250,259,1,2,0.999437938099549,0.967673670571054,1,0
251,260,1,2,0.989308744406778,0.959319957930819,1,0
252,253,1,2,8.08041547208911e-11,0.778600931242209,1,0
253,502,1,2,0.997682664274615,0.944865789112828,1,0
254,329,1,2,0.999041927884711,0.969911391659125,1,0
255,330,1,2,0.922349136553052,0.925539406324611,1,1
256,259,1,2,0.0001229372380782,0.92407391343104,1,0
261,266,1,2,0.970500649502047,0.951749695736737,1,1
262,266,1,2,0.0009316122253275,0.892398944163544,1,0
267,268,1,2,0.999286645205232,0.926973633098626,1,1
268,270,1,2,0.535157191085557,0.972299922165027,1,0
271,505,1,2,0.011992106425172,0.930127604115262,1,1
273,275,1,2,0.999995418125585,0.90867491623873,1,1
275,278,1,2,0.99999963103857,0.947497031613904,1,1
278,281,1,2,0.977668607442991,0.902091878070632,1,1
283,290,1,2,0.948761355111355,0.956764348878252,1,0
284,291,1,2,0.0553850314061067,0.918797794958222,1,0
286,303,1,2,1.23556010132846e-08,0.858137036569404,1,0
287,289,1,2,0.999978789018411,0.931734467366765,1,1
288,296,1,2,0.999995875106133,0.92791691792547,1,1
290,294,1,2,0.997561574636119,0.848713288776017,1,1
291,293,1,2,0.987613397966241,0.959969927813865,1,0
292,512,1,2,0.999439827564573,0.928716916210808,1,1
294,264,1,2,1.1945220712422599e-11,0.841386537762308,1,0
295,299,1,2,0.999989274756255,0.948104894134448,1,0
296,308,1,2,9.98627247237856e-05,0.87347166346488,1,0
299,293,1,2,1.74863656985893e-05,0.881264747627697,1,0
300,303,1,2,0.999999976114842,0.917360840091596,1,1
301,580,1,2,0.173975536636032,0.920244010648577,1,0
303,307,1,2,0.09753255502128,0.925268494079141,1,0
304,315,1,2,1.69932267428882e-11,0.797655956412358,1,0
305,308,1,2,0.999995715983994,0.939611483096191,1,1
309,308,1,2,0.0015090488890208,0.763807851988519,1,0
311,316,1,2,0.539978703325424,0.960357759113999,1,0
317,304,1,2,1.2966072722299598e-11,0.833491861139156,1,0
320,328,1,2,0.996589474925366,0.922878496491406,1,0
322,299,1,2,2.38203620953577e-13,0.864436583897165,1,0
324,333,1,2,0.0186315802848336,0.925986874479642,1,0
326,250,1,2,6.50249476759612e-10,0.96142827467383,1,0
328,526,1,2,0.999924585668307,0.88603910139317,1,1
332,344,1,2,0.99684277713375,0.958726533461604,1,1
334,343,1,2,0.999954750792853,0.975139686175459,1,0
335,345,1,2,0.888177055984855,0.933818384864981,1,0
336,581,1,2,0.0333085343466059,0.834747652983087,1,0
340,349,1,2,0.0065091307771156,0.939190056187609,1,0
341,351,1,2,0.0033145992438463,0.963358722467173,1,0
342,353,1,2,0.874255851730836,0.944568683901826,1,0
343,355,1,2,0.988689568458752,0.931798418387741,1,1
344,358,1,2,0.0016112107823462,0.850635682923065,1,0
346,361,1,2,0.998699551412149,0.918577126475769,1,1
348,372,1,2,3.52865501217309e-06,0.875099462259703,1,0
350,365,1,2,0.0010009206836878,0.94409288423703,1,1
351,351,1,2,1.21842180619489e-10,0.944827021593216,1,0
352,358,1,2,6.57796098538e-09,0.750818118660942,1,0
356,375,1,2,0.996089922238852,0.924660659127447,1,0
357,351,1,2,4.12512939511012e-12,0.842559702350492,1,0
361,351,1,2,1.15486464514665e-13,0.890212735039846,1,0
362,372,1,2,0.999519126234734,0.9397755312032,1,1
363,371,1,2,0.999999475203126,0.973722805551275,1,0
364,372,1,2,1.07312133706308e-05,0.762076616981721,1,0
369,382,1,2,0.199183770584178,0.94514903413726,1,0
371,584,1,2,0.606663236260392,0.923545229142799,1,1
372,393,1,2,6.90199808819188e-08,0.919882628271034,1,0
373,387,1,2,0.999995499961079,0.944919629142984,1,1
374,385,1,2,0.999991058426759,0.942654970469631,1,1
379,392,1,2,0.982333355929296,0.903296625643352,1,0
380,343,1,2,7.889870068399531e-14,0.928215381911773,1,0
383,393,1,2,0.99809683822144,0.97474222157899,1,0
385,397,1,2,0.999153636535667,0.972086412434972,1,0
387,68,1,2,7.608865463809421e-09,0.735361832768379,1,0
388,408,1,2,0.91903789533477,0.836218018327518,1,1
390,1,1,2,1.43107330998016e-05,0.825848609910901,1,0
392,26,1,2,0.999408773311081,0.910650662978393,1,1
393,28,1,2,0.992480806455034,0.930973103020685,1,0
394,27,1,2,0.999958249392616,0.844940034804671,1,1
395,35,1,2,2.6377557391977e-06,0.84722295037714,1,0
396,130,1,2,6.12934014774665e-12,0.781042361934226,1,0
399,35,1,2,0.40130393058123,0.715741171540222,1,0
401,407,1,2,8.23998852050416e-11,0.737708592517416,1,0
403,416,1,2,0.820137163132875,0.783941927155598,1,1
406,108,1,2,5.26153126331177e-07,0.836372259000944,1,0
407,56,1,2,0.0012867417508095,0.847015203493793,1,0
408,199,1,2,3.27507359124987e-14,0.877000687897665,1,0
409,60,1,2,0.998884465603002,0.966241766457295,1,1
410,71,1,2,3.93110089142009e-07,0.938881246823378,1,0
411,64,1,2,0.949291824358747,0.874323417418959,1,1
413,95,1,2,0.999987933065871,0.866365995918563,1,1
415,438,1,2,0.99934350635209,0.866189854476023,1,0
417,439,1,2,0.850861547202626,0.778542425123307,1,0
418,108,1,2,0.827904376187753,0.880026695443587,1,0
420,445,1,2,0.988678527250753,0.744078557479217,1,0
421,117,1,2,0.998313543229374,0.852406390993277,1,0
424,565,1,2,1.67317420822544e-13,0.787105680161308,1,0
425,175,1,2,1.29137619412582e-09,0.815477716638659,1,0
427,131,1,2,0.90565543560164,0.808504610375956,1,1
428,131,1,2,2.44375626061877e-08,0.731190373375129,1,1
429,455,1,2,0.999785136783578,0.741693207150423,1,1
430,89,1,2,0.106811958552724,0.79491577028118,1,0
431,264,1,2,2.31624089774414e-09,0.78830841270436,1,0
433,146,1,2,0.958795950902052,0.874146003463279,1,1
436,71,1,2,1.14989190401689e-10,0.923730517825847,1,0
437,71,1,2,1.1745877355556799e-11,0.93252674673873,1,0
438,71,1,2,2.1742448636574497e-11,0.934108355146689,1,0
439,473,1,2,3.15570016436375e-15,0.783446306529149,1,0
441,458,1,2,0.0206618341616503,0.941899164949402,1,0
442,155,1,2,0.001389821494282,0.89773408977653,1,0
443,156,1,2,0.983976796836729,0.88532623141211,1,1
445,569,1,2,0.9992838479711,0.874771128620335,1,0
446,470,1,2,0.999943050614852,0.914084972345973,1,0
449,192,1,2,1.2852174782305e-09,0.874585636635913,1,0
450,171,1,2,0.918309413402526,0.858117819299409,1,1
452,170,1,2,0.172933133049097,0.671631402276741,1,0
453,473,1,2,4.44296950660034e-11,0.883231888739293,1,0
455,175,1,2,1.14486743389251e-05,0.719370527664083,1,0
456,199,1,2,1.6851724834059998e-14,0.83696279585745,1,0
461,218,1,2,0.392265621183013,0.858300189359595,1,1
464,246,1,2,2.50144914043973e-10,0.89157773190009,1,1
465,493,1,2,0.0516264187321046,0.916686659012304,1,0
466,351,1,2,1.32362602525601e-13,0.847405343862959,1,0
471,253,1,2,8.311488269945719e-11,0.66800403516887,1,0
474,262,1,2,8.88169991944488e-13,0.549246866825242,1,0
475,524,1,2,0.800709006566413,0.925038543323617,1,1
476,267,1,2,0.0008664589695943,0.831324856279655,1,1
479,506,1,2,0.0028937045455234,0.898409890225942,1,1
482,508,1,2,0.999780193039914,0.908525756648369,1,1
486,215,1,2,1.1411555842938e-13,0.87254938631254,1,0
487,305,1,2,0.254165592063182,0.893286639052174,1,0
489,328,1,2,8.55063301878323e-07,0.791940100808015,1,0
490,317,1,2,0.389115811488885,0.887783664065777,1,0
491,521,1,2,0.999932200556879,0.859861566838043,1,1
492,270,1,2,8.413947044832649e-16,0.797722311621066,1,0
493,259,1,2,6.47432863115538e-08,0.898262581075088,1,0
496,350,1,2,0.934435044441228,0.904371092370352,1,1
498,356,1,2,0.99999983701968,0.949275882949361,1,0
500,359,1,2,0.250260994510043,0.858447281106937,1,1
504,374,1,2,0.999999224130364,0.92076979853091,1,1
507,187,1,2,1.02064710056063e-09,0.821270519534415,1,0
508,551,1,2,3.2481185715106e-06,0.896050943191336,1,0
511,308,1,2,1.6969517101662397e-11,0.787229440578791,1,0
512,351,1,2,3.1015432855734404e-14,0.907172585019075,1,0
513,555,1,2,0.998223577443324,0.93915599473309,1,0
514,371,1,2,5.239343811708599e-13,0.952393616211917,1,0
515,556,1,2,0.911087735710012,0.921075851910236,1,0
517,343,1,2,4.03237085970271e-13,0.87612374170201,1,0
518,343,1,2,5.14969209706473e-13,0.921426826828818,1,0
521,558,1,2,0.999984643755011,0.889075874479993,1,1
525,157,1,2,2.85585713184554e-08,0.750447494328556,1,0
527,11,1,2,5.8862539767522094e-12,0.736695135672505,1,0
530,570,1,2,0.347809767667689,0.789302585520666,1,0
531,474,1,2,0.999676331922984,0.826279942789678,1,0
532,178,1,2,0.309703011447774,0.86747517069222,1,0
537,268,1,2,0.781580752850128,0.917562014338976,1,1
539,510,1,2,0.974643427736818,0.883341764824112,1,0
540,580,1,2,3.14765824582059e-07,0.728499641542779,1,0
542,302,1,2,0.971587678928904,0.793601846022277,1,0
544,255,1,2,2.07293725717497e-09,0.835916583851543,1,0
550,361,1,2,0.00020638722265,0.85806567312559,1,0
551,549,1,2,0.184577901758212,0.941381544427212,1,1
552,305,1,2,8.29075037487541e-11,0.827283432283116,1,0
557,260,1,2,1.85594007695732e-11,0.900035828854153,1,0
558,343,1,2,8.42896988158736e-14,0.89352523487458,1,0
559,175,1,2,2.9913815994686102e-09,0.805672359237419,1,0
560,278,1,2,4.781664135199331e-09,0.920110952621885,1,1
561,320,1,2,0.0170091564842412,0.784134375837726,1,0
563,343,1,2,6.54678067753721e-12,0.88886639213563,1,0
564,375,1,2,1.76687975272107e-10,0.777556577586794,1,0
1,2,2,1,0.999558767420258,0.919529540956457,1,0
4,5,2,1,0.894242780055387,0.961244963720495,1,1
5,7,2,1,0.999994043411133,0.913369803744121,1,1
10,12,2,1,1.38032731288587e-08,0.901722607302567,1,1
11,11,2,1,0.999999826884906,0.937614261312962,1,0
15,12,2,1,0.999826176360311,0.936377332354163,1,1
20,18,2,1,0.861453691409891,0.880909899170207,1,1
22,20,2,1,0.999514971808368,0.835379459571015,1,1
26,392,2,1,0.987546572574019,0.91136119688761,1,1
27,394,2,1,0.999999299501762,0.829119243784368,1,1
28,393,2,1,0.994274950341785,0.953404075023703,1,0
32,29,2,1,0.999904858463646,0.953693845077896,1,1
33,28,2,1,0.0298667998760128,0.931746785637123,1,1
35,34,2,1,0.121336217157245,0.894768087777952,1,0
37,38,2,1,0.999409878106704,0.796438503876721,1,1
38,407,2,1,1.5459697190975901e-10,0.357861860334,1,0
41,174,2,1,1.88299360191465e-12,0.842917314387474,1,0
43,45,2,1,0.998619699809828,0.88437424789178,1,1
46,47,2,1,0.0252171654750545,0.872687512309995,1,0
47,48,2,1,0.994133616318941,0.848567512619223,1,1
53,407,2,1,0.999997416747491,0.837252711284557,1,1
54,60,2,1,0.944425859295162,0.942554935140408,1,0
56,59,2,1,0.999553836427298,0.933621320856472,1,1
57,74,2,1,3.2251161416238e-09,0.90671075610324,1,0
59,66,2,1,0.999999937821336,0.956150713472779,1,0
60,409,2,1,0.999614642396061,0.96854943480002,1,1
64,411,2,1,0.999998961698231,0.852426271430136,1,1
65,71,2,1,0.99997670128392,0.963630106868225,1,0
68,77,2,1,0.98414668510489,0.91734013295574,1,1
70,76,2,1,0.999999024422012,0.961285580304742,1,1
71,75,2,1,0.00050501076473,0.964067185259726,1,0
74,80,2,1,0.999998618867692,0.956786480867432,1,0
80,85,2,1,0.349420280867198,0.958373760539813,1,1
83,87,2,1,0.961588701592432,0.908996515705395,1,1
87,33,2,1,1.70361251543073e-13,0.754093707723611,1,0
88,418,2,1,0.0004978360942707,0.847272157358167,1,0
89,76,2,1,9.966036575443199e-12,0.825099099708098,1,0
91,54,2,1,0.986768981565816,0.862334495077746,1,0
95,413,2,1,0.999688413375262,0.865885775282448,1,1
97,101,2,1,0.997153486545716,0.938190667553587,1,1
99,98,2,1,0.965829192245073,0.928145341949484,1,0
100,15,2,1,1.14710016627835e-10,0.848729702212289,1,0
102,309,2,1,3.97643673659178e-10,0.790281137961085,1,1
105,101,2,1,3.4062328504275604e-09,0.831778156002819,1,0
106,106,2,1,0.0091411621747229,0.942589702862017,1,1
107,109,2,1,0.038832690223402,0.841560178217621,1,1
108,418,2,1,0.637788335197224,0.91823422651834,1,0
109,107,2,1,0.261705124369684,0.934828802252214,1,0
111,120,2,1,1.83234319880153e-05,0.811167566533529,1,0
114,116,2,1,0.997430651766606,0.848576966119092,1,1
117,33,2,1,9.33472175216227e-16,0.90304117507955,1,0
118,122,2,1,2.58610378345122e-10,0.789301134953521,1,0
122,122,2,1,0.722014513293977,0.794295145168256,1,0
130,131,2,1,0.99995893734413,0.960523053376493,1,0
131,427,2,1,0.628647073797051,0.805452361002204,1,1
138,75,2,1,1.8686612830339797e-11,0.737564420049572,1,0
143,147,2,1,0.992955669946812,0.873567056457897,1,1
146,433,2,1,0.984949538945121,0.892883195296187,1,1
150,150,2,1,0.999893663513153,0.937053478521412,1,1
154,158,2,1,0.0006161560960938,0.958827795046225,1,0
155,442,2,1,0.0144322405634094,0.888958657197681,1,0
156,443,2,1,0.99869064570485,0.877824509032683,1,1
157,162,2,1,0.983593957133467,0.894098114034274,1,0
161,437,2,1,4.1240309129601394e-11,0.864761474893171,1,0
165,203,2,1,2.95358029592732e-14,0.879149556640316,1,0
166,445,2,1,1.46159876411337e-07,0.853405472223421,1,0
167,449,2,1,0.996361639946161,0.912598204447595,1,0
169,441,2,1,2.12889106353245e-12,0.851933558750351,1,0
170,300,2,1,4.11106203674692e-09,0.765950054148967,1,0
171,450,2,1,0.575428186680976,0.89618922827763,1,1
175,174,2,1,0.999991127769598,0.959234421960487,1,0
178,532,2,1,0.997541918641278,0.885637197885181,1,0
179,178,2,1,0.999995874304084,0.916857407264908,1,1
181,75,2,1,6.63439109496916e-13,0.827561122006239,1,0
187,184,2,1,4.43076245221077e-06,0.96000265001893,1,1
192,188,2,1,0.999998664189822,0.970302517958372,1,0
199,191,2,1,0.0056800185168923,0.969815512758057,1,0
204,196,2,1,0.999977242988967,0.967592337778436,1,0
206,198,2,1,0.999940871181708,0.888782757945269,1,1
208,200,2,1,0.949154307360473,0.978237885415368,1,0
209,201,2,1,0.97518440968489,0.911589711030072,1,1
211,203,2,1,0.999150482819364,0.972104200849533,1,0
212,461,2,1,0.0001321151048665,0.740258947903815,1,0
213,204,2,1,0.767036221052751,0.803728380476154,1,1
215,209,2,1,0.114352572043677,0.978730369859232,1,0
217,174,2,1,6.56808895463569e-13,0.728401027346103,1,0
218,461,2,1,0.0116434585926715,0.873178218321829,1,1
225,464,2,1,0.999996771728152,0.897470988396752,1,0
231,465,2,1,5.78644752976904e-05,0.631846995039925,1,0
232,256,2,1,1.8755296021998497e-11,0.805143356064677,1,0
236,232,2,1,2.60236032844426e-10,0.849846815664737,1,0
237,226,2,1,0.985780028785013,0.958175990054026,1,0
238,229,2,1,0.999845784848704,0.90386995412227,1,0
240,230,2,1,0.99363994462059,0.958126090309467,1,1
243,203,2,1,2.86311111631496e-11,0.919373464351195,1,0
244,232,2,1,0.0005805103985915,0.937434389716103,1,1
246,235,2,1,0.274228946177221,0.973408342835894,1,1
247,237,2,1,0.999989669570605,0.931352935447607,1,0
250,241,2,1,0.999999764359319,0.972343040166121,1,0
253,244,2,1,0.999999996697816,0.944489288769539,1,1
254,246,2,1,0.999226929929137,0.946471186851127,1,0
255,247,2,1,0.0078453386488377,0.968441812945331,1,0
256,248,2,1,0.999999924421049,0.973108576945309,1,0
259,250,2,1,0.999779265975258,0.9704328255889,1,0
260,251,2,1,0.984549424535774,0.968296223294727,1,0
262,411,2,1,5.1599555417507895e-12,0.835442643310162,1,1
264,209,2,1,8.65605836741638e-10,0.918871668501445,1,0
266,261,2,1,0.996890297289912,0.942727148969519,1,1
267,476,2,1,0.207880467173361,0.843722828543095,1,1
268,267,2,1,0.999508267166062,0.892123586765595,1,1
270,268,2,1,0.0012600713771524,0.958144846137219,1,0
271,268,2,1,0.013318180341673,0.955613998464837,1,0
275,273,2,1,0.999999968269577,0.920218382692702,1,1
276,268,2,1,2.68511076305634e-08,0.88675356432913,1,0
278,275,2,1,0.999999130864581,0.945738740468992,1,1
281,278,2,1,0.982711696929848,0.92236993280239,1,1
283,560,2,1,5.73508703128229e-07,0.859033294734976,1,1
285,288,2,1,1.70742804026368e-07,0.721004028351684,1,0
289,287,2,1,0.999809147155933,0.936378357878416,1,1
290,283,2,1,0.999460895619737,0.973902583324678,1,0
291,284,2,1,0.0726636163820492,0.917627375980608,1,0
293,291,2,1,0.744119766522477,0.975718939458746,1,0
294,290,2,1,0.879334341258349,0.903853524954556,1,1
296,288,2,1,0.999995145383439,0.940212772219278,1,1
298,283,2,1,4.422059882811849e-11,0.897839007026878,1,0
299,295,2,1,0.999993261004505,0.955201488203372,1,0
301,443,2,1,8.35109747639099e-13,0.743772066797852,1,0
302,542,2,1,0.992333978512719,0.804040211600488,1,0
303,300,2,1,0.99999871464526,0.925521832628605,1,1
304,301,2,1,0.0585331744307575,0.909996395985048,1,0
305,303,2,1,0.0009826862772448,0.906827419979732,1,0
307,311,2,1,5.67069635277427e-10,0.925626784528117,1,0
308,305,2,1,0.999998312912383,0.955662402184276,1,1
313,436,2,1,3.22314428943837e-14,0.868120798566164,1,0
315,438,2,1,1.33279711603644e-13,0.836019836608858,1,0
316,311,2,1,0.997815882575637,0.977018807474212,1,0
317,490,2,1,0.566632669544238,0.921856957844219,1,0
319,317,2,1,9.12224195942376e-09,0.738889540677058,1,0
320,268,2,1,2.8682146564278496e-11,0.861237037115997,1,0
328,320,2,1,0.622515086093213,0.933423252690597,1,0
329,254,2,1,0.910371884016071,0.978561858941752,1,0
330,255,2,1,0.915591160219344,0.923399703368156,1,1
333,324,2,1,0.939215634458182,0.934659094519102,1,1
342,194,2,1,6.06522940187044e-11,0.861614974979419,1,0
343,334,2,1,0.965015136705172,0.978918286316389,1,0
344,332,2,1,0.999637555795091,0.950514928669079,1,1
345,335,2,1,0.99996072895048,0.947605513141712,1,0
349,340,2,1,0.0084894399254393,0.940079497402501,1,0
350,496,2,1,0.574365985609865,0.74395542211624,1,1
351,341,2,1,0.0188696121303095,0.976001078032573,1,0
353,342,2,1,0.502245929220357,0.945325670343197,1,0
355,343,2,1,0.005208458934585,0.906654452251043,1,0
356,498,2,1,0.999527313414561,0.963853777000997,1,0
358,344,2,1,0.697921484501266,0.874165369241236,1,1
359,500,2,1,0.891577790711272,0.888663829247272,1,1
361,346,2,1,0.973761546000807,0.895930402316365,1,1
365,350,2,1,0.0217308567314814,0.923989162863061,1,1
369,372,2,1,1.96160168138528e-07,0.856903717131534,1,0
371,363,2,1,0.999999388397219,0.974686226283215,1,0
372,362,2,1,0.997345363360335,0.896024138766023,1,1
374,504,2,1,0.999999795943954,0.929824855306683,1,1
375,334,2,1,3.98477398733312e-13,0.926551761247644,1,0
376,351,2,1,3.9362868314739e-07,0.919515755448084,1,0
382,369,2,1,0.716514969368907,0.949047363507587,1,0
385,374,2,1,0.999990196605459,0.938547720065661,1,1
387,373,2,1,0.999942202764887,0.931859585184549,1,1
392,379,2,1,0.0327224518453344,0.92396479536245,1,0
393,383,2,1,0.97150060019634,0.978542411945951,1,0
397,385,2,1,0.982636286096213,0.973700938177636,1,0
401,8,2,1,0.999394710214113,0.922389069422607,1,1
402,9,2,1,0.999988063112057,0.810598405354026,1,1
404,393,2,1,7.30636492591962e-10,0.920794106907619,1,0
405,18,2,1,0.999885976487372,0.940124249381213,1,1
406,20,2,1,0.998693557879888,0.819264164203061,1,1
407,15,2,1,0.999903483300093,0.947318369333377,1,0
408,388,2,1,0.488886756958616,0.841970425968909,1,1
410,35,2,1,0.886173271514099,0.831852954533781,1,1
412,7,2,1,6.616132990635179e-11,0.555163748202329,1,0
413,37,2,1,0.999993623853262,0.847965459970743,1,0
414,32,2,1,8.68887124472114e-10,0.801088280515322,1,1
416,403,2,1,0.151897527828584,0.795819624192393,1,1
417,49,2,1,0.516756457400968,0.886622281680789,1,1
419,58,2,1,0.999991733869441,0.866027302129593,1,1
423,408,2,1,3.55410301716652e-07,0.829078263979277,1,0
424,74,2,1,0.999997739688345,0.933460351586772,1,0
425,66,2,1,6.092537249082529e-11,0.930187267255913,1,0
430,91,2,1,0.334116453340562,0.891371476230363,1,1
432,91,2,1,0.987554423630555,0.775632566625024,1,0
434,30,2,1,4.116509670603899e-12,0.839583997525294,1,0
435,296,2,1,1.16908943530672e-09,0.773207066159772,1,0
436,33,2,1,2.16635294328923e-13,0.86261614415083,1,0
437,97,2,1,0.998347397972328,0.877566019991712,1,1
438,438,2,1,8.581146515193721e-14,0.888706020258851,1,0
439,417,2,1,0.988354797055206,0.862334499772229,1,0
442,110,2,1,0.998035995140283,0.872602644379734,1,0
445,420,2,1,0.992085522471605,0.784261997390254,1,0
447,117,2,1,0.751382203235453,0.853352766104103,1,0
448,118,2,1,0.56868010955562,0.850321985456491,1,0
449,418,2,1,8.97640482270268e-06,0.710181203217699,1,0
450,122,2,1,0.967401691123318,0.784878780370404,1,0
454,131,2,1,2.79099610439061e-08,0.827235316145259,1,0
455,429,2,1,0.999038413045167,0.73533934490419,1,0
456,137,2,1,0.0335685472335416,0.917374251797692,1,0
458,158,2,1,0.87789831889816,0.960129715931597,1,0
459,441,2,1,1.10649540226874e-06,0.877359819151503,1,0
462,80,2,1,5.31093617558646e-13,0.857087477134064,1,0
464,163,2,1,0.0086310642106662,0.918628051997895,1,1
465,436,2,1,2.55159858982633e-10,0.857057646130444,1,0
467,30,2,1,5.5744806229113104e-14,0.860717439617477,1,0
468,442,2,1,6.24628829730077e-06,0.749786981571217,1,0
470,446,2,1,0.997837568265756,0.898477084501976,1,0
471,75,2,1,2.5371424042541904e-15,0.825704337540923,1,0
473,453,2,1,1.97672276201725e-10,0.899894394093707,1,0
474,453,2,1,4.05845832262861e-07,0.846561292452468,1,0
478,251,2,1,2.6253352206121498e-11,0.917377874681051,1,0
482,199,2,1,0.99600168926488,0.801598914399375,1,1
484,206,2,1,0.0003569832888111,0.852465341208233,1,0
486,207,2,1,0.99989331675273,0.737559670331594,1,1
488,211,2,1,0.0011650061699005,0.93560969480477,1,0
489,201,2,1,3.58669408265554e-05,0.770822811582735,1,1
493,465,2,1,0.668044101483917,0.933695506428479,1,0
495,465,2,1,0.0057963979600063,0.569135628964729,1,0
496,228,2,1,0.999542991306299,0.909327442450778,1,0
499,507,2,1,6.048400677172341e-15,0.80146944516795,1,0
501,252,2,1,0.0954644811360609,0.860398867675862,1,1
502,253,2,1,0.999824545902715,0.962381066104098,1,0
505,271,2,1,0.288896993750994,0.950342756109537,1,1
506,479,2,1,0.0635599883296657,0.892403745262226,1,1
508,482,2,1,0.008776726222445,0.941257066644948,1,1
510,539,2,1,0.983613223876769,0.89961880517949,1,1
512,292,2,1,0.999773377816304,0.916132181414133,1,1
513,296,2,1,0.994794446273596,0.893084844542085,1,1
516,303,2,1,0.999874240901767,0.786543487535349,1,0
521,491,2,1,0.999992581213172,0.882343693709384,1,1
524,475,2,1,0.994305709625378,0.934130582448462,1,0
526,328,2,1,0.999984400450037,0.838008538343762,1,0
538,344,2,1,0.99857752776993,0.863937823311815,1,0
540,357,2,1,0.0001148899734323,0.800360134624559,1,0
547,351,2,1,9.03604596729174e-09,0.842412942111461,1,0
548,383,2,1,3.09881946281103e-11,0.93470460699832,1,0
549,551,2,1,0.831837114225794,0.94006949836006,1,1
551,371,2,1,0.0157840847989213,0.872413901059648,1,0
552,383,2,1,6.68061162817915e-10,0.932627822883784,1,0
554,512,2,1,0.810741850343682,0.922748720736812,1,0
555,513,2,1,0.937798452996971,0.934096649429217,1,0
556,515,2,1,0.0511640353669222,0.89709856183505,1,0
557,518,2,1,0.998983709226955,0.919003834510392,1,0
558,521,2,1,0.99991751540195,0.934483887230456,1,1
561,45,2,1,1.65530668595761e-06,0.796943284978682,1,0
564,97,2,1,2.22005129924647e-10,0.415153785635868,1,0
565,33,2,1,1.1061928952243299e-12,0.877299401180819,1,0
567,15,2,1,3.28032565548954e-08,0.760004049715801,1,0
569,445,2,1,0.40275765185332,0.899711758269377,1,0
570,453,2,1,0.008221448326352,0.825654638209398,1,0
571,162,2,1,2.66321549476785e-08,0.834759224834569,1,0
580,301,2,1,0.572779526016009,0.935086396076734,1,0
581,385,2,1,2.25513933466072e-09,0.890324734103055,1,0
584,371,2,1,0.251935082236706,0.87726360959168,1,0
589,291,2,1,3.4655839262640403e-09,0.863140986119604,1,0
